,watch_list
0,6259SL01 Analog Watch  - For Women
1,DE 2014 Analog Watch  - For Women
2,New Arrival Stylish Attractive Ethnic Blue Bracelet Loo...
3,288SDTL TIMEWEAR Silver Pink Dial Stainless Steel Strap...
4,Attrective Rosegold And Silver Combo Wrist Analog Watch...
5,Pack of 2 Queen Dial Magnet Strap Gold and Black Analog...
6,Combo of Two New Stylish & Attractive Collection For Gi...
7,DE2022LG Analog Watch  - For Women
8,Fresh Fashion Best In Market Black Girls Watch Analog W...
9,Queen Dial Black Magnetic Belt Girls Analog Watch Analo...
10,Black Mesh Magnetic Belt 2021 Quartz Black Dial Adjusta...
11,MK6992 Lennox Analog Watch  - For Women
12,NF8976YL02J Analog Watch  - For Women
13,HM-6742 Day&Date Series Analog Watch  - For Women
14,Bracelet Watch combo for Girls set Bracelet Watch for w...
15,DE20023LG Appealing Gem Studded Analog Watch  - For Wom...
16,Combo of 2 Product watch Analog Watch  - For Women
17,Sport Army Print Multi Function Durable Latest Premium ...
18,Exclusive Choice Silver Diamond Studded Rose Gold Exclu...
19,6259WL01 Analog Watch  - For Women
20,Fresh Fashion Best In Market Black Girls Watch Analog W...
21,JW665 Blue Dial Mesh Band Analog Watch  - For Women
22,Combo Pack Of Two Black and Pink Dial Girls Analog Watc...
23,105.1 Black Dial With Silicone strap Anlaog Watch For W...
24,Copper New Arrival Analog Bracelet Stylish Fancy Analog...
25,142-Black Flower Designed For Girls And Women Analog Wa...
26,HM-6702 Pink D&D Analog Watch  - For Women
27,PRV-403-GL Analog Watch - For Women Analog Watch  - For...
28,Combo of Watches for Girls New stylish latest 2021 styl...
29,New Diamond Cut Glass Couple Black Leather belt watch F...
30,Combo of 2 White and Black Dial For Girls Analog Watch ...
31,MK3845 Portia Analog Watch  - For Women
32,LCS-4671 BLACK DIAL AND SILVER BRACELET WATCH Analog Wa...
33,Pink Alice Watch comb Set for Women Analog Watch  - For...
34,Black LED Rubber & Sillicon Strap Digital Watch For Kid...
35,PRV-401-SL-WH Analog Watch - For Women Analog Watch  - ...
36,Magnet Strap Girls Women All Diamond Rishtey Rose Gold ...
37,Set Of 2 Attractive Pink And Black Pu Material Watches ...
38,Magnet Strap Girls Women 12 Diamond New Rishtey Blue Ma...
39,2659YM01 Raga Chic Analog Watch  - For Women
